{"DefaultTint":{"r":0.6000000238418579,"g":0.6000000238418579,"b":0.699999988079071,"a":0.699999988079071},"FoldersData":{"Keys":["317d9d042b3c8944088e40d68e37bf5e","b2a42dd58703d6d40837eeaa718a02bc"],"Values":[{"_guid":"317d9d042b3c8944088e40d68e37bf5e","_color":{"r":0.9433962106704712,"g":0.5602325201034546,"b":0.04894980788230896,"a":0.699999988079071},"_recursive":true},{"_guid":"b2a42dd58703d6d40837eeaa718a02bc","_color":{"r":0.800000011920929,"g":0.2392156571149826,"b":0.2721289396286011,"a":0.699999988079071},"_recursive":true}]}}